id,title,description,link,price,sale_price,brand,gtin,condition,image_link,mpn,product_type,quantity,shipping,tax,shipping_weight,availability,google_product_category,custom_label_0
113608,CBS350-16P-E-2G-NA - Cisco 350 CBS350-16P-E-2G Ethernet Switch 18 Ports Manageable 2 Layer Supported Modular 2 SFP Slots 23.68 W Power Consu,CBS350-16P-E-2G-NA - Cisco 350 CBS350-16P-E-2G Ethernet Switch 18 Ports Manageable 2 Layer Supported Modular 2 SFP Slots 23.68 W Power Consu,https://refurbtechltd.co.uk/cbs350-16p-e-2g-na-cisco-350-cbs350-16p-e-2g-ethernet-switch-18-ports-manageable-2-layer-supported-modular-2-sfp-slots-23-68-w-power-consu/,1354 USD,677 USD,Cisco,889728294171,New,http://refurbtechltd.co.uk/product_images/o/890/CBS350-16P-E-2G-NA__76090.jpg,CBS350-16P-E-2G-NA,Network Switches,9999,,,1 lb,in stock,Electronics > Networking > Hubs & Switches,601-700
113598,CBS250-48P-4G-NA - Cisco 250 CBS250-48P-4G Ethernet Switch 48 Ports Manageable 2 Layer Supported Modular 4 SFP Slots 370 W PoE Budget Opti,CBS250-48P-4G-NA - Cisco 250 CBS250-48P-4G Ethernet Switch 48 Ports Manageable 2 Layer Supported Modular 4 SFP Slots 370 W PoE Budget Opti,https://refurbtechltd.co.uk/cbs250-48p-4g-na-cisco-250-cbs250-48p-4g-ethernet-switch-48-ports-manageable-2-layer-supported-modular-4-sfp-slots-370-w-poe-budget-opti/,1912 USD,956 USD,Cisco,889728295925,New,http://refurbtechltd.co.uk/product_images/e/775/CBS250-48P-4G-NA__96293.jpg,CBS250-48P-4G-NA,Network Switches,9999,,,1 lb,in stock,Electronics > Networking > Hubs & Switches,901-1000
113586,CBS220-48T-4X - Cisco Business 220 48-Ports 10/100/1000 + 4 x 10 Gigabit SFP+ Uplink Layer 2 Managed Rack-Mountable Network Switch,CBS220-48T-4X - Cisco Business 220 48-Ports 10/100/1000 + 4 x 10 Gigabit SFP+ Uplink Layer 2 Managed Rack-Mountable Network Switch,https://refurbtechltd.co.uk/cbs220-48t-4x-cisco-business-220-48-ports-10-100-1000-4-x-10-gigabit-sfp-uplink-layer-2-managed-rack-mountable-network-switch/,1832 USD,916 USD,Cisco,889728248808,New,http://refurbtechltd.co.uk/product_images/y/981/CBS220-48T-4X__70116.jpg,CBS220-48T-4X,Network Switches,9999,,,11 lb,in stock,Electronics > Networking > Hubs & Switches,901-1000
113597,CBS250-48P-4G - Cisco Business 250 48-Ports 10/100/1000 + 4 x Gigabit SFP PoE+ Layer 2 Managed Rack-Mountable Network Switch,CBS250-48P-4G - Cisco Business 250 48-Ports 10/100/1000 + 4 x Gigabit SFP PoE+ Layer 2 Managed Rack-Mountable Network Switch,https://refurbtechltd.co.uk/cbs250-48p-4g-cisco-business-250-48-ports-10-100-1000-4-x-gigabit-sfp-poe-layer-2-managed-rack-mountable-network-switch/,1880 USD,940 USD,Cisco,889728295925,New,http://refurbtechltd.co.uk/product_images/i/901/CBS250-48P-4G__20228.jpg,CBS250-48P-4G,Network Switches,9999,,,15 lb,in stock,Electronics > Networking > Hubs & Switches,901-1000
112379,C1000-16FP-2G-L - Cisco Catalyst 1000-16FP 16 Port Managed Rack Mountable Net Switch,C1000-16FP-2G-L - Cisco Catalyst 1000-16FP 16 Port Managed Rack Mountable Net Switch,https://refurbtechltd.co.uk/c1000-16fp-2g-l-cisco-catalyst-1000-16fp-16-port-managed-rack-mountable-net-switch/,1810 USD,905 USD,Cisco,889728248891,New,http://refurbtechltd.co.uk/product_images/v/943/C1000-16FP-2G-L__52722.jpg,C1000-16FP-2G-L,Network Switches,9999,,,15 lb,in stock,Electronics > Networking > Hubs & Switches,901-1000
113584,CBS220-48P-4G-NA - Cisco Business CBS220-48P-4G Ethernet Switch 48 Ports Manageable 2 Layer Supported Modular 4 SFP Slots 53 W Power Consump,CBS220-48P-4G-NA - Cisco Business CBS220-48P-4G Ethernet Switch 48 Ports Manageable 2 Layer Supported Modular 4 SFP Slots 53 W Power Consump,https://refurbtechltd.co.uk/cbs220-48p-4g-na-cisco-business-cbs220-48p-4g-ethernet-switch-48-ports-manageable-2-layer-supported-modular-4-sfp-slots-53-w-power-consump/,1778 USD,889 USD,Cisco,889728345088,New,http://refurbtechltd.co.uk/product_images/d/613/CBS220-48P-4G-NA__92697.jpg,CBS220-48P-4G-NA,Network Switches,9999,,,1 lb,in stock,Electronics > Networking > Hubs & Switches,801-900
48945,523301 - Intellinet Network Solutions Fast Ethernet Office Switch 5 Ports 5 x RJ-45 10/100Base-TX,523301 - Intellinet Network Solutions Fast Ethernet Office Switch 5 Ports 5 x RJ-45 10/100Base-TX,https://refurbtechltd.co.uk/523301-intellinet-network-solutions-fast-ethernet-office-switch-5-ports-5-x-rj-45-10-100base-tx/,110 USD,55 USD,Intellinet,,New,http://refurbtechltd.co.uk/product_images/f/140/523301__56685.jpg,523301,Network Switches,9999,,,1 lb,in stock,Electronics > Networking > Hubs & Switches,1-100
4166,0235A23P - HP 3Com S3100-26TP-EI 2 x SFP + 24 x 10/100Base-TX LAN Ethernet Net Switch,0235A23P - HP 3Com S3100-26TP-EI 2 x SFP + 24 x 10/100Base-TX LAN Ethernet Net Switch,https://refurbtechltd.co.uk/0235a23p-hp-3com-s3100-26tp-ei-2-x-sfp-24-x-10-100base-tx-lan-ethernet-net-switch/,286 USD,143 USD,HP,,New,http://refurbtechltd.co.uk/product_images/d/840/0235A23P__06070.jpg,0235A23P,Network Switches,9999,,,10 lb,in stock,Electronics > Networking > Hubs & Switches,101-200
14111,12300-BS01 - QLogic 12300-BS01 36 x InfiniBand(Ports) QSFP 120/230 V AC Rack Mountable Net Switch,12300-BS01 - QLogic 12300-BS01 36 x InfiniBand(Ports) QSFP 120/230 V AC Rack Mountable Net Switch,https://refurbtechltd.co.uk/12300-bs01-qlogic-12300-bs01-36-x-infiniband-ports-qsfp-120-230-v-ac-rack-mountable-net-switch/,2482 USD,1241 USD,QLogic,,New,http://refurbtechltd.co.uk/product_images/n/054/12300-BS01__23420.jpg,12300-BS01,Network Switches,9999,,,2 lb,in stock,Electronics > Networking > Hubs & Switches,greater than 1000
43638,1700599G1 - Adtran NetVanta 1238 Ethernet Switch with PoE 2 x SFP Shared 48 x 10/100Base-TX LAN 4 x 10/100/1000Base-T LAN,1700599G1 - Adtran NetVanta 1238 Ethernet Switch with PoE 2 x SFP Shared 48 x 10/100Base-TX LAN 4 x 10/100/1000Base-T LAN,https://refurbtechltd.co.uk/1700599g1-adtran-netvanta-1238-ethernet-switch-with-poe-2-x-sfp-shared-48-x-10-100base-tx-lan-4-x-10-100-1000base-t-lan/,2116 USD,1058 USD,Adtran,,New,http://refurbtechltd.co.uk/product_images/j/046/1700599G1__51420.jpg,1700599G1,Network Switches,9999,,,1 lb,in stock,Electronics > Networking > Hubs & Switches,greater than 1000
19900,177862-B21 - Compaq StorageWorks Fibre Channel Arbitrated Loop 8Ports Switch,177862-B21 - Compaq StorageWorks Fibre Channel Arbitrated Loop 8Ports Switch,https://refurbtechltd.co.uk/177862-b21-compaq-storageworks-fibre-channel-arbitrated-loop-8ports-switch/,634 USD,317 USD,Compaq,,New,http://refurbtechltd.co.uk/product_images/h/659/177862-B21__92417.jpg,177862-B21,Network Switches,9999,,,1 lb,in stock,Electronics > Networking > Hubs & Switches,301-400
20884,2026-416 - IBM TotalStorage SAN16M-2 16-Por Fibre Channel 4Gb/s SAN Net Switch,2026-416 - IBM TotalStorage SAN16M-2 16-Por Fibre Channel 4Gb/s SAN Net Switch,https://refurbtechltd.co.uk/2026-416-ibm-totalstorage-san16m-2-16-por-fibre-channel-4gb-s-san-net-switch/,1564 USD,782 USD,IBM,,New,http://refurbtechltd.co.uk/product_images/n/644/2026-416__94510.jpg,2026-416,Network Switches,9999,,,1 lb,in stock,Electronics > Networking > Hubs & Switches,701-800
14703,26K6477 - IBM Qlogic 6 Port Fibre Channel Net Switch,26K6477 - IBM Qlogic 6 Port Fibre Channel Net Switch,https://refurbtechltd.co.uk/26k6477-ibm-qlogic-6-port-fibre-channel-net-switch/,484 USD,242 USD,IBM,,New,http://refurbtechltd.co.uk/product_images/p/261/26K6477__90141.jpg,26K6477,Network Switches,9999,,,1 lb,in stock,Electronics > Networking > Hubs & Switches,201-300
22859,283192-B21 - HP ProLiant BL p-Class C-GbE2 6Ports RJ-45 Managed Interconnect Kit Switch,283192-B21 - HP ProLiant BL p-Class C-GbE2 6Ports RJ-45 Managed Interconnect Kit Switch,https://refurbtechltd.co.uk/283192-b21-hp-proliant-bl-p-class-c-gbe2-6ports-rj-45-managed-interconnect-kit-switch/,528 USD,264 USD,HP,,New,http://refurbtechltd.co.uk/product_images/o/480/283192-B21__54888.jpg,283192-B21,Network Switches,9999,,,1 lb,in stock,Electronics > Networking > Hubs & Switches,201-300
46929,3810M 24SFP+ - HPE Aruba Ports 250W Managed Rack-mountable Network Switch (JL430A),3810M 24SFP+ - HPE Aruba Ports 250W Managed Rack-mountable Network Switch (JL430A),https://refurbtechltd.co.uk/3810m-24sfp-hpe-aruba-ports-250w-managed-rack-mountable-network-switch-jl430a/,12988 USD,6494 USD,HPE,,New,http://refurbtechltd.co.uk/product_images/e/128/3810M-24SFP-__09534.jpg,3810M 24SFP+,Network Switches,9999,,,13 lb,in stock,Electronics > Networking > Hubs & Switches,greater than 1000
47142,3CRS42G-48-91 - 3Com 4210G-48 Gigabit Stackable Ethernet Switch 48Ports Manageable 48 x RJ-45 Stack Port 6 x Expansion Slots 10/100/1000Base-T,3CRS42G-48-91 - 3Com 4210G-48 Gigabit Stackable Ethernet Switch 48Ports Manageable 48 x RJ-45 Stack Port 6 x Expansion Slots 10/100/1000Base-T,https://refurbtechltd.co.uk/3crs42g-48-91-3com-4210g-48-gigabit-stackable-ethernet-switch-48ports-manageable-48-x-rj-45-stack-port-6-x-expansion-slots-10-100-1000base-t/,2116 USD,1058 USD,3Com,,New,http://refurbtechltd.co.uk/product_images/h/396/3CRS42G-48-91__67806.jpg,3CRS42G-48-91,Network Switches,9999,,,1 lb,in stock,Electronics > Networking > Hubs & Switches,greater than 1000
31873,413270-001 - HP MDS 9020 20 Port 4GB Fabric Net Switch,413270-001 - HP MDS 9020 20 Port 4GB Fabric Net Switch,https://refurbtechltd.co.uk/413270-001-hp-mds-9020-20-port-4gb-fabric-net-switch/,2682 USD,1341 USD,HP,,New,http://refurbtechltd.co.uk/product_images/g/263/413270-001__18908.jpg,413270-001,Network Switches,9999,,,15 lb,in stock,Electronics > Networking > Hubs & Switches,greater than 1000
32934,4322DS - Dell PowerEdge 4322DS 32 Port Rack Mountable KVM Net Switch,4322DS - Dell PowerEdge 4322DS 32 Port Rack Mountable KVM Net Switch,https://refurbtechltd.co.uk/4322ds-dell-poweredge-4322ds-32-port-rack-mountable-kvm-net-switch/,3680 USD,1840 USD,Dell,,New,http://refurbtechltd.co.uk/product_images/h/148/4322DS__42705.jpg,4322DS,Network Switches,9999,,,2 lb,in stock,Electronics > Networking > Hubs & Switches,greater than 1000
34717,463-7701 - Dell N2048 48Ports 10/100/1000Base-T + 2x 10 Gigabit SFP+ Managed Layer2 Ethernet Net Switch,463-7701 - Dell N2048 48Ports 10/100/1000Base-T + 2x 10 Gigabit SFP+ Managed Layer2 Ethernet Net Switch,https://refurbtechltd.co.uk/463-7701-dell-n2048-48ports-10-100-1000base-t-2x-10-gigabit-sfp-managed-layer2-ethernet-net-switch/,2732 USD,1366 USD,Dell,,New,http://refurbtechltd.co.uk/product_images/n/213/463-7701__67213.jpg,463-7701,Network Switches,9999,,,1 lb,in stock,Electronics > Networking > Hubs & Switches,greater than 1000
34718,463-7708 - Dell PowerConnect N3024F 24Ports 2 X SFP+ Managed Layer3 Gigabit Ethernet Net Switch,463-7708 - Dell PowerConnect N3024F 24Ports 2 X SFP+ Managed Layer3 Gigabit Ethernet Net Switch,https://refurbtechltd.co.uk/463-7708-dell-powerconnect-n3024f-24ports-2-x-sfp-managed-layer3-gigabit-ethernet-net-switch/,2682 USD,1341 USD,Dell,,New,http://refurbtechltd.co.uk/product_images/o/081/463-7708__42191.jpg,463-7708,Network Switches,9999,,,1 lb,in stock,Electronics > Networking > Hubs & Switches,greater than 1000
49034,"5420F-8W-16P-4XE - Extreme Networks ExtremeSwitching 5420F Ethernet Switch 8 Ports 2 Layer Supported Modular Optical Fiber, Twisted Pair PoE","5420F-8W-16P-4XE - Extreme Networks ExtremeSwitching 5420F Ethernet Switch 8 Ports 2 Layer Supported Modular Optical Fiber, Twisted Pair PoE",https://refurbtechltd.co.uk/5420f-8w-16p-4xe-extreme-networks-extremeswitching-5420f-ethernet-switch-8-ports-2-layer-supported-modular-optical-fiber-twisted-pair-poe/,9280 USD,4640 USD,Extreme Networks,,New,http://refurbtechltd.co.uk/product_images/p/094/5420F-8W-16P-4XE__89044.jpg,5420F-8W-16P-4XE,Network Switches,9999,,,1 lb,in stock,Electronics > Networking > Hubs & Switches,greater than 1000
49064,5520-48SE - Extreme Networks 5520 48Port SFP Switch,5520-48SE - Extreme Networks 5520 48Port SFP Switch,https://refurbtechltd.co.uk/5520-48se-extreme-networks-5520-48port-sfp-switch/,17876 USD,8938 USD,Extreme Networks,,New,http://refurbtechltd.co.uk/product_images/i/382/5520-48SE__71520.jpg,5520-48SE,Network Switches,9999,,,1 lb,in stock,Electronics > Networking > Hubs & Switches,greater than 1000
39951,619779-001 - HP Brocade FC8-64 64 Port 64 x 8Gb Fibre Channel SAN Director Net Switch,619779-001 - HP Brocade FC8-64 64 Port 64 x 8Gb Fibre Channel SAN Director Net Switch,https://refurbtechltd.co.uk/619779-001-hp-brocade-fc8-64-64-port-64-x-8gb-fibre-channel-san-director-net-switch/,10078 USD,5039 USD,HP,,New,http://refurbtechltd.co.uk/product_images/o/924/619779-001__73669.jpg,619779-001,Network Switches,9999,,,5 lb,in stock,Electronics > Networking > Hubs & Switches,greater than 1000
49453,6200-24G-mGBIC yl - HP 24-Ports SFP (Mini-GBIC) Layer 3 Managed Network Switch,6200-24G-mGBIC yl - HP 24-Ports SFP (Mini-GBIC) Layer 3 Managed Network Switch,https://refurbtechltd.co.uk/6200-24g-mgbic-yl-hp-24-ports-sfp-mini-gbic-layer-3-managed-network-switch/,4306 USD,2153 USD,HP,,New,http://refurbtechltd.co.uk/product_images/n/167/6200-24G-mGBIC-yl__95562.jpg,6200-24G-mGBIC yl,Network Switches,9999,,,9 lb,in stock,Electronics > Networking > Hubs & Switches,greater than 1000
49546,6408TF - SMCNetworks Ez 8Ports RJ-45 Switch 8 10Base-T 1 100Base-Tx 1 100base-fx,6408TF - SMCNetworks Ez 8Ports RJ-45 Switch 8 10Base-T 1 100Base-Tx 1 100base-fx,https://refurbtechltd.co.uk/6408tf-smcnetworks-ez-8ports-rj-45-switch-8-10base-t-1-100base-tx-1-100base-fx/,1248 USD,624 USD,SMC,,New,http://refurbtechltd.co.uk/product_images/y/056/6408TF__91352.jpg,6408TF,Network Switches,9999,,,1 lb,in stock,Electronics > Networking > Hubs & Switches,601-700
56228,7159CAX - Lenovo 48Ports SFP+ RackSwitch G7052 (Rear to Front) Gigabit Ethernet Switch 1U Rack-Mountable,7159CAX - Lenovo 48Ports SFP+ RackSwitch G7052 (Rear to Front) Gigabit Ethernet Switch 1U Rack-Mountable,https://refurbtechltd.co.uk/7159cax-lenovo-48ports-sfp-rackswitch-g7052-rear-to-front-gigabit-ethernet-switch-1u-rack-mountable/,2182 USD,1091 USD,Lenovo,,New,http://refurbtechltd.co.uk/product_images/o/758/7159CAX__18508.jpg,7159CAX,Network Switches,9999,,,1 lb,in stock,Electronics > Networking > Hubs & Switches,greater than 1000
53272,90Y3562 - Lenovo Flex System En2092 1GB Ethernet Scalable Net Switch,90Y3562 - Lenovo Flex System En2092 1GB Ethernet Scalable Net Switch,https://refurbtechltd.co.uk/90y3562-lenovo-flex-system-en2092-1gb-ethernet-scalable-net-switch/,3482 USD,1741 USD,Lenovo,,New,http://refurbtechltd.co.uk/product_images/t/743/90Y3562__84338.jpg,90Y3562,Network Switches,9999,,,15 lb,in stock,Electronics > Networking > Hubs & Switches,greater than 1000
111090,A7984AR - HP Storageworks 4GB Fibre Channel 4/8 Ports Base SAN Switch,A7984AR - HP Storageworks 4GB Fibre Channel 4/8 Ports Base SAN Switch,https://refurbtechltd.co.uk/a7984ar-hp-storageworks-4gb-fibre-channel-4-8-ports-base-san-switch/,1248 USD,624 USD,HP,,New,http://refurbtechltd.co.uk/product_images/m/328/A7984AR__88303.jpg,A7984AR,Network Switches,9999,,,1 lb,in stock,Electronics > Networking > Hubs & Switches,601-700
111265,AC1124A - Black Box NIB-2x4 DVI Matrix Switch with Audio,AC1124A - Black Box NIB-2x4 DVI Matrix Switch with Audio,https://refurbtechltd.co.uk/ac1124a-black-box-nib-2x4-dvi-matrix-switch-with-audio/,994 USD,497 USD,Black Box,,New,http://refurbtechltd.co.uk/product_images/x/177/AC1124A__77724.jpg,AC1124A,Network Switches,9999,,,1 lb,in stock,Electronics > Networking > Hubs & Switches,401-500
111266,AC1125A - Black Box NIB-4x2 DVI Matrix Switch with Audio and RS-232 Control,AC1125A - Black Box NIB-4x2 DVI Matrix Switch with Audio and RS-232 Control,https://refurbtechltd.co.uk/ac1125a-black-box-nib-4x2-dvi-matrix-switch-with-audio-and-rs-232-control/,930 USD,465 USD,Black Box,,New,http://refurbtechltd.co.uk/product_images/e/583/AC1125A__72118.jpg,AC1125A,Network Switches,9999,,,1 lb,in stock,Electronics > Networking > Hubs & Switches,401-500
111286,ACX1004A-HID2 - Black Box TC Series KM Desktop Switch 4Port (2) HID,ACX1004A-HID2 - Black Box TC Series KM Desktop Switch 4Port (2) HID,https://refurbtechltd.co.uk/acx1004a-hid2-black-box-tc-series-km-desktop-switch-4port-2-hid/,1736 USD,868 USD,Black Box,,New,http://refurbtechltd.co.uk/product_images/k/409/ACX1004A-HID2__06563.jpg,ACX1004A-HID2,Network Switches,9999,,,1 lb,in stock,Electronics > Networking > Hubs & Switches,801-900
111696,AL4500A13-E6 - Nortel Fast Ethernet Routing External Switch 4526T-PWR with 24Ports 10/100 802.af SFP PoE Ports,AL4500A13-E6 - Nortel Fast Ethernet Routing External Switch 4526T-PWR with 24Ports 10/100 802.af SFP PoE Ports,https://refurbtechltd.co.uk/al4500a13-e6-nortel-fast-ethernet-routing-external-switch-4526t-pwr-with-24ports-10-100-802-af-sfp-poe-ports/,744 USD,372 USD,Nortel,,New,http://refurbtechltd.co.uk/product_images/w/529/AL4500A13-E6__98746.jpg,AL4500A13-E6,Network Switches,9999,,,1 lb,in stock,Electronics > Networking > Hubs & Switches,301-400
111697,AL4500E05-E6 - Nortel 4524GT Gigabit Ethernet Routing External Switch with 24Ports 10/100/1000 BaseTX Ports SFP with Power Cord,AL4500E05-E6 - Nortel 4524GT Gigabit Ethernet Routing External Switch with 24Ports 10/100/1000 BaseTX Ports SFP with Power Cord,https://refurbtechltd.co.uk/al4500e05-e6-nortel-4524gt-gigabit-ethernet-routing-external-switch-with-24ports-10-100-1000-basetx-ports-sfp-with-power-cord/,1088 USD,544 USD,Nortel,,New,http://refurbtechltd.co.uk/product_images/d/267/AL4500E05-E6__61997.jpg,AL4500E05-E6,Network Switches,9999,,,1 lb,in stock,Electronics > Networking > Hubs & Switches,501-600
111698,AL4500E06-E6 - Nortel 4526GTX-NO PWR 24Ports SFP 10/100/1000Base-TX PC Gigabit Ethernet Routing Switch,AL4500E06-E6 - Nortel 4526GTX-NO PWR 24Ports SFP 10/100/1000Base-TX PC Gigabit Ethernet Routing Switch,https://refurbtechltd.co.uk/al4500e06-e6-nortel-4526gtx-no-pwr-24ports-sfp-10-100-1000base-tx-pc-gigabit-ethernet-routing-switch/,1460 USD,730 USD,Nortel,,New,http://refurbtechltd.co.uk/product_images/e/007/AL4500E06-E6__56063.jpg,AL4500E06-E6,Network Switches,9999,,,1 lb,in stock,Electronics > Networking > Hubs & Switches,701-800
111700,AL4900E04-E6 - Avaya ERS 4950GTS-PWR+ Ethernet Switch,AL4900E04-E6 - Avaya ERS 4950GTS-PWR+ Ethernet Switch,https://refurbtechltd.co.uk/al4900e04-e6-avaya-ers-4950gts-pwr-ethernet-switch/,3082 USD,1541 USD,Avaya,,New,http://refurbtechltd.co.uk/product_images/z/027/AL4900E04-E6__04979.jpg,AL4900E04-E6,Network Switches,9999,,,1 lb,in stock,Electronics > Networking > Hubs & Switches,greater than 1000
111716,AM866C - HP 8/8 Base E Port SAN Switch,AM866C - HP 8/8 Base E Port SAN Switch,https://refurbtechltd.co.uk/am866c-hp-8-8-base-e-port-san-switch/,3082 USD,1541 USD,HP,,New,http://refurbtechltd.co.uk/product_images/j/298/AM866C__19644.jpg,AM866C,Network Switches,9999,,,3 lb,in stock,Electronics > Networking > Hubs & Switches,greater than 1000
111719,AM868C - HP 8/24 Base Full Fabric Port SAN Net Switch,AM868C - HP 8/24 Base Full Fabric Port SAN Net Switch,https://refurbtechltd.co.uk/am868c-hp-8-24-base-full-fabric-port-san-net-switch/,7280 USD,3640 USD,HP,,New,http://refurbtechltd.co.uk/product_images/f/770/AM868C__73310.jpg,AM868C,Network Switches,9999,,,3 lb,in stock,Electronics > Networking > Hubs & Switches,greater than 1000
111794,AP862C - HP 1606 FCIP 4Ports Enabled 8Gb/s FC 2Ports Enabled 1Gb/s Base Switch,AP862C - HP 1606 FCIP 4Ports Enabled 8Gb/s FC 2Ports Enabled 1Gb/s Base Switch,https://refurbtechltd.co.uk/ap862c-hp-1606-fcip-4ports-enabled-8gb-s-fc-2ports-enabled-1gb-s-base-switch/,6680 USD,3340 USD,HP,,New,http://refurbtechltd.co.uk/product_images/t/830/AP862C__25295.jpg,AP862C,Network Switches,9999,,,1 lb,in stock,Electronics > Networking > Hubs & Switches,greater than 1000
111795,AP8641 - APC 1606 Fcip 22Ports 8Gb/s SFP+ Fibre Channel 10/100/1000 Base-T Rack-mountable 1U Gigabit Ethernet Switch,AP8641 - APC 1606 Fcip 22Ports 8Gb/s SFP+ Fibre Channel 10/100/1000 Base-T Rack-mountable 1U Gigabit Ethernet Switch,https://refurbtechltd.co.uk/ap8641-apc-1606-fcip-22ports-8gb-s-sfp-fibre-channel-10-100-1000-base-t-rack-mountable-1u-gigabit-ethernet-switch/,3680 USD,1840 USD,APC,,New,http://refurbtechltd.co.uk/product_images/e/933/AP8641__57591.jpg,AP8641,Network Switches,9999,,,1 lb,in stock,Electronics > Networking > Hubs & Switches,greater than 1000
111796,AP8958 - APC Switched Rack 8-Outlets PDU Zero U Rack-mountable,AP8958 - APC Switched Rack 8-Outlets PDU Zero U Rack-mountable,https://refurbtechltd.co.uk/ap8958-apc-switched-rack-8-outlets-pdu-zero-u-rack-mountable/,1142 USD,571 USD,APC,,New,http://refurbtechltd.co.uk/product_images/y/375/AP8958__76141.jpg,AP8958,Network Switches,9999,,,1 lb,in stock,Electronics > Networking > Hubs & Switches,501-600
111928,AT-GS910/16-10 - Allied Telesis 16Ports 10/100/1000t Unmanaged Switch With Internal Psu,AT-GS910/16-10 - Allied Telesis 16Ports 10/100/1000t Unmanaged Switch With Internal Psu,https://refurbtechltd.co.uk/at-gs910-16-10-allied-telesis-16ports-10-100-1000t-unmanaged-switch-with-internal-psu/,518 USD,259 USD,Allied Telesis,,New,http://refurbtechltd.co.uk/product_images/h/960/AT-GS910-16-10__61407.jpg,AT-GS910/16-10,Network Switches,9999,,,1 lb,in stock,Electronics > Networking > Hubs & Switches,201-300
111929,AT-GS910/5-10 - Allied Telesis 5Ports 10/100/1000Base-T Unmanaged Switch With Internal Psu,AT-GS910/5-10 - Allied Telesis 5Ports 10/100/1000Base-T Unmanaged Switch With Internal Psu,https://refurbtechltd.co.uk/at-gs910-5-10-allied-telesis-5ports-10-100-1000base-t-unmanaged-switch-with-internal-psu/,300 USD,150 USD,Allied Telesis,,New,http://refurbtechltd.co.uk/product_images/r/254/AT-GS910-5-10__07626.jpg,AT-GS910/5-10,Network Switches,9999,,,1 lb,in stock,Electronics > Networking > Hubs & Switches,101-200
111930,AT-GS910/8-10 - Allied Telesis 8Ports 10/100/1000Base-T Unmanaged Switch With Internal Psu,AT-GS910/8-10 - Allied Telesis 8Ports 10/100/1000Base-T Unmanaged Switch With Internal Psu,https://refurbtechltd.co.uk/at-gs910-8-10-allied-telesis-8ports-10-100-1000base-t-unmanaged-switch-with-internal-psu/,312 USD,156 USD,Allied Telesis,,New,http://refurbtechltd.co.uk/product_images/t/746/AT-GS910-8-10__47435.jpg,AT-GS910/8-10,Network Switches,9999,,,1 lb,in stock,Electronics > Networking > Hubs & Switches,101-200
111931,AT-GS950/16-10 - Allied Telesis 16Ports 10/ 100/ 1000Base-T Plus 2 SFP WebSmart Ethernet Switch,AT-GS950/16-10 - Allied Telesis 16Ports 10/ 100/ 1000Base-T Plus 2 SFP WebSmart Ethernet Switch,https://refurbtechltd.co.uk/at-gs950-16-10-allied-telesis-16ports-10-100-1000base-t-plus-2-sfp-websmart-ethernet-switch/,810 USD,405 USD,Allied Telesis,,New,http://refurbtechltd.co.uk/product_images/d/669/AT-GS950-16-10__97207.jpg,AT-GS950/16-10,Network Switches,9999,,,1 lb,in stock,Electronics > Networking > Hubs & Switches,401-500
111932,AT-GS950/8-10 - Allied Telesis 8Ports 10/ 100/ 1000Base-T Gigabit Websmart Switch Plus 2 SFP Slots,AT-GS950/8-10 - Allied Telesis 8Ports 10/ 100/ 1000Base-T Gigabit Websmart Switch Plus 2 SFP Slots,https://refurbtechltd.co.uk/at-gs950-8-10-allied-telesis-8ports-10-100-1000base-t-gigabit-websmart-switch-plus-2-sfp-slots/,542 USD,271 USD,Allied Telesis,,New,http://refurbtechltd.co.uk/product_images/h/116/AT-GS950-8-10__01135.jpg,AT-GS950/8-10,Network Switches,9999,,,1 lb,in stock,Electronics > Networking > Hubs & Switches,201-300
111933,AT-GS970M/28PS-10 - Allied Telesis Managed Gigabit Ethernet Switch 24 Ports Manageable 3 Layer Supported Modular 4 SFP Slots Optical Fiber,AT-GS970M/28PS-10 - Allied Telesis Managed Gigabit Ethernet Switch 24 Ports Manageable 3 Layer Supported Modular 4 SFP Slots Optical Fiber,https://refurbtechltd.co.uk/at-gs970m-28ps-10-allied-telesis-managed-gigabit-ethernet-switch-24-ports-manageable-3-layer-supported-modular-4-sfp-slots-optical-fiber/,2482 USD,1241 USD,Allied Telesis,,New,http://refurbtechltd.co.uk/product_images/p/864/AT-GS970M-28PS-10__14887.jpg,AT-GS970M/28PS-10,Network Switches,9999,,,1 lb,in stock,Electronics > Networking > Hubs & Switches,greater than 1000
111939,AT-X530-28GPXM - Allied Telesis x530-28GPXm Layer 3 Switch 24 Ports Manageable 3 Layer Supported Modular Twisted Pair Optical Fiber (Refurb,AT-X530-28GPXM - Allied Telesis x530-28GPXm Layer 3 Switch 24 Ports Manageable 3 Layer Supported Modular Twisted Pair Optical Fiber (Refurb,https://refurbtechltd.co.uk/at-x530-28gpxm-allied-telesis-x530-28gpxm-layer-3-switch-24-ports-manageable-3-layer-supported-modular-twisted-pair-optical-fiber-refurb/,9080 USD,4540 USD,Allied Telesis,,New,http://refurbtechltd.co.uk/product_images/p/474/AT-X530-28GPXM__39149.jpg,AT-X530-28GPXM,Network Switches,9999,,,1 lb,in stock,Electronics > Networking > Hubs & Switches,greater than 1000
111941,AT-X950-28XTQM-B01 - Allied Telesis x950-28XTQm Layer 3 Switch 24 Ports Manageable 3 Layer Supported Modular Optical Fiber Twisted Pair 1U,AT-X950-28XTQM-B01 - Allied Telesis x950-28XTQm Layer 3 Switch 24 Ports Manageable 3 Layer Supported Modular Optical Fiber Twisted Pair 1U,https://refurbtechltd.co.uk/at-x950-28xtqm-b01-allied-telesis-x950-28xtqm-layer-3-switch-24-ports-manageable-3-layer-supported-modular-optical-fiber-twisted-pair-1u/,40068 USD,20034 USD,Allied Telesis,,New,http://refurbtechltd.co.uk/product_images/s/138/AT-X950-28XTQM-B01__59899.jpg,AT-X950-28XTQM-B01,Network Switches,9999,,,1 lb,in stock,Electronics > Networking > Hubs & Switches,greater than 1000
111955,AVSW-DVI4X1 - Black Box 4 x 1 DVI Switch with Audio,AVSW-DVI4X1 - Black Box 4 x 1 DVI Switch with Audio,https://refurbtechltd.co.uk/avsw-dvi4x1-black-box-4-x-1-dvi-switch-with-audio/,472 USD,236 USD,Black Box,,New,http://refurbtechltd.co.uk/product_images/p/779/AVSW-DVI4X1__62599.jpg,AVSW-DVI4X1,Network Switches,9999,,,1 lb,in stock,Electronics > Networking > Hubs & Switches,201-300
95157,BR-6510-24-16G-F - Brocade 6510 24Ports 16GB Managed 24 x Fibre Channel SFP+ Desktop Net Switch,BR-6510-24-16G-F - Brocade 6510 24Ports 16GB Managed 24 x Fibre Channel SFP+ Desktop Net Switch,https://refurbtechltd.co.uk/br-6510-24-16g-f-brocade-6510-24ports-16gb-managed-24-x-fibre-channel-sfp-desktop-net-switch/,15278 USD,7639 USD,Brocade Communications Systems,,New,http://refurbtechltd.co.uk/product_images/j/130/BR-6510-24-16G-F__12185.jpg,BR-6510-24-16G-F,Network Switches,9999,,,1 lb,in stock,Electronics > Networking > Hubs & Switches,greater than 1000
112285,BR-6520-48-8G-R - Brocade 6520 Fibre Channel Switch 8 Gbit/s 48 Fiber Channel Ports 1 x RJ-45 96 x Total Expansion Slots Manageable Rack-mountable 2U (R,BR-6520-48-8G-R - Brocade 6520 Fibre Channel Switch 8 Gbit/s 48 Fiber Channel Ports 1 x RJ-45 96 x Total Expansion Slots Manageable Rack-mountable 2U (R,https://refurbtechltd.co.uk/br-6520-48-8g-r-brocade-6520-fibre-channel-switch-8-gbit-s-48-fiber-channel-ports-1-x-rj-45-96-x-total-expansion-slots-manageable-rack-mountable-2u-r/,12578 USD,6289 USD,Brocade Communications Systems,,New,http://refurbtechltd.co.uk/product_images/u/584/BR-6520-48-8G-R__96000.jpg,BR-6520-48-8G-R,Network Switches,9999,,,1 lb,in stock,Electronics > Networking > Hubs & Switches,greater than 1000
112349,BR-VDX6720-40-R - Brocade Ethernet Switch Manageable 40 x Expansion Slots 40 x Expansion Slot 40 x SFP+ Slots 2 Layer Supported 2U High,BR-VDX6720-40-R - Brocade Ethernet Switch Manageable 40 x Expansion Slots 40 x Expansion Slot 40 x SFP+ Slots 2 Layer Supported 2U High,https://refurbtechltd.co.uk/br-vdx6720-40-r-brocade-ethernet-switch-manageable-40-x-expansion-slots-40-x-expansion-slot-40-x-sfp-slots-2-layer-supported-2u-high/,9480 USD,4740 USD,Brocade Communications Systems,,New,http://refurbtechltd.co.uk/product_images/m/516/BR-VDX6720-40-R__85108.jpg,BR-VDX6720-40-R,Network Switches,9999,,,1 lb,in stock,Electronics > Networking > Hubs & Switches,greater than 1000
112354,BR-VDX6740-48-R - Brocade VDX 6740 Net Switch,BR-VDX6740-48-R - Brocade VDX 6740 Net Switch,https://refurbtechltd.co.uk/br-vdx6740-48-r-brocade-vdx-6740-net-switch/,4680 USD,2340 USD,Brocade Communications Systems,,New,http://refurbtechltd.co.uk/product_images/z/746/BR-VDX6740-48-R__32430.jpg,BR-VDX6740-48-R,Network Switches,9999,,,15 lb,in stock,Electronics > Networking > Hubs & Switches,greater than 1000
112363,BS-MP2008 - Buffalo 8Port 10 Gigabit Switch 8 x 10 Gigabit Ethernet Network Twisted Pair 2 Layer Supported Desktop Rack-mountable,BS-MP2008 - Buffalo 8Port 10 Gigabit Switch 8 x 10 Gigabit Ethernet Network Twisted Pair 2 Layer Supported Desktop Rack-mountable,https://refurbtechltd.co.uk/bs-mp2008-buffalo-8port-10-gigabit-switch-8-x-10-gigabit-ethernet-network-twisted-pair-2-layer-supported-desktop-rack-mountable/,1332 USD,666 USD,Buffalo,,New,http://refurbtechltd.co.uk/product_images/e/978/BS-MP2008__27588.jpg,BS-MP2008,Network Switches,9999,,,1 lb,in stock,Electronics > Networking > Hubs & Switches,601-700
112364,BS-MP2012 - Buffalo 12Port 10 Gigabit Switch 12 x 10 Gigabit Ethernet Network Twisted Pair 2 Layer Supported Desktop Wall Mountable Rack-mountable (R,BS-MP2012 - Buffalo 12Port 10 Gigabit Switch 12 x 10 Gigabit Ethernet Network Twisted Pair 2 Layer Supported Desktop Wall Mountable Rack-mountable (R,https://refurbtechltd.co.uk/bs-mp2012-buffalo-12port-10-gigabit-switch-12-x-10-gigabit-ethernet-network-twisted-pair-2-layer-supported-desktop-wall-mountable-rack-mountable-r/,1872 USD,936 USD,Buffalo,,New,http://refurbtechltd.co.uk/product_images/j/825/BS-MP2012__48027.jpg,BS-MP2012,Network Switches,9999,,,1 lb,in stock,Electronics > Networking > Hubs & Switches,901-1000
113598,CBS250-48P-4G-NA - Cisco 250 CBS250-48P-4G Ethernet Switch 48 Ports Manageable 2 Layer Supported Modular 4 SFP Slots 370 W PoE Budget Opti,CBS250-48P-4G-NA - Cisco 250 CBS250-48P-4G Ethernet Switch 48 Ports Manageable 2 Layer Supported Modular 4 SFP Slots 370 W PoE Budget Opti,https://refurbtechltd.co.uk/cbs250-48p-4g-na-cisco-250-cbs250-48p-4g-ethernet-switch-48-ports-manageable-2-layer-supported-modular-4-sfp-slots-370-w-poe-budget-opti/,1912 USD,956 USD,Cisco,,New,http://refurbtechltd.co.uk/product_images/e/775/CBS250-48P-4G-NA__96293.jpg,CBS250-48P-4G-NA,Network Switches,9999,,,1 lb,in stock,Electronics > Networking > Hubs & Switches,901-1000
117847,IE-1000-4P2S-LM - Cisco IE 1000-4P2S-LM Industrial Ethernet Switch 4 Network 2 Uplink Manageable Twisted Pair Optical Fiber Modular 2 Layer Supported,IE-1000-4P2S-LM - Cisco IE 1000-4P2S-LM Industrial Ethernet Switch 4 Network 2 Uplink Manageable Twisted Pair Optical Fiber Modular 2 Layer Supported,https://refurbtechltd.co.uk/ie-1000-4p2s-lm-cisco-ie-1000-4p2s-lm-industrial-ethernet-switch-4-network-2-uplink-manageable-twisted-pair-optical-fiber-modular-2-layer-supported/,1912 USD,956 USD,Cisco,,New,http://refurbtechltd.co.uk/product_images/z/610/IE-1000-4P2S-LM__82515.jpg,IE-1000-4P2S-LM,Network Switches,9999,,,1 lb,in stock,Electronics > Networking > Hubs & Switches,901-1000
117849,IE-1000-6T2T-LM - Cisco IE 1000-6T2T-LM Industrial Ethernet Switch 8 Ports 100Base-TX 8 x Network Twisted Pair Fast Ethernet 2 Layer Supported,IE-1000-6T2T-LM - Cisco IE 1000-6T2T-LM Industrial Ethernet Switch 8 Ports 100Base-TX 8 x Network Twisted Pair Fast Ethernet 2 Layer Supported,https://refurbtechltd.co.uk/ie-1000-6t2t-lm-cisco-ie-1000-6t2t-lm-industrial-ethernet-switch-8-ports-100base-tx-8-x-network-twisted-pair-fast-ethernet-2-layer-supported/,1912 USD,956 USD,Cisco,,New,http://refurbtechltd.co.uk/product_images/k/447/IE-1000-6T2T-LM__46292.jpg,IE-1000-6T2T-LM,Network Switches,9999,,,1 lb,in stock,Electronics > Networking > Hubs & Switches,901-1000
113137,C9500-48Y4C-A - Cisco Catalyst 9500 Ethernet Net Switch,C9500-48Y4C-A - Cisco Catalyst 9500 Ethernet Net Switch,https://refurbtechltd.co.uk/c9500-48y4c-a-cisco-catalyst-9500-ethernet-net-switch/,19076 USD,9538 USD,Cisco,,New,http://refurbtechltd.co.uk/product_images/g/687/C9500-48Y4C-A__27594.jpg,C9500-48Y4C-A,Network Switches,9999,,,1 lb,in stock,Electronics > Networking > Hubs & Switches,greater than 1000
113597,CBS250-48P-4G - Cisco Business 250 48-Ports 10/100/1000 + 4 x Gigabit SFP PoE+ Layer 2 Managed Rack-Mountable Network Switch,CBS250-48P-4G - Cisco Business 250 48-Ports 10/100/1000 + 4 x Gigabit SFP PoE+ Layer 2 Managed Rack-Mountable Network Switch,https://refurbtechltd.co.uk/cbs250-48p-4g-cisco-business-250-48-ports-10-100-1000-4-x-gigabit-sfp-poe-layer-2-managed-rack-mountable-network-switch/,1880 USD,940 USD,Cisco,,New,http://refurbtechltd.co.uk/product_images/i/901/CBS250-48P-4G__20228.jpg,CBS250-48P-4G,Network Switches,9999,,,15 lb,in stock,Electronics > Networking > Hubs & Switches,901-1000
113586,CBS220-48T-4X - Cisco Business 220 48-Ports 10/100/1000 + 4 x 10 Gigabit SFP+ Uplink Layer 2 Managed Rack-Mountable Network Switch,CBS220-48T-4X - Cisco Business 220 48-Ports 10/100/1000 + 4 x 10 Gigabit SFP+ Uplink Layer 2 Managed Rack-Mountable Network Switch,https://refurbtechltd.co.uk/cbs220-48t-4x-cisco-business-220-48-ports-10-100-1000-4-x-10-gigabit-sfp-uplink-layer-2-managed-rack-mountable-network-switch/,1832 USD,916 USD,Cisco,,New,http://refurbtechltd.co.uk/product_images/y/981/CBS220-48T-4X__70116.jpg,CBS220-48T-4X,Network Switches,9999,,,11 lb,in stock,Electronics > Networking > Hubs & Switches,901-1000
113587,CBS220-48T-4X-NA - Cisco Business 220 48-Ports 10/100/1000 + 4 x 10 Gigabit SFP+ Uplink Layer 2 Managed Rack-Mountable Network Switch,CBS220-48T-4X-NA - Cisco Business 220 48-Ports 10/100/1000 + 4 x 10 Gigabit SFP+ Uplink Layer 2 Managed Rack-Mountable Network Switch,https://refurbtechltd.co.uk/cbs220-48t-4x-na-cisco-business-220-48-ports-10-100-1000-4-x-10-gigabit-sfp-uplink-layer-2-managed-rack-mountable-network-switch/,1832 USD,916 USD,Cisco,,New,http://refurbtechltd.co.uk/product_images/n/466/CBS220-48T-4X-NA__36807.jpg,CBS220-48T-4X-NA,Network Switches,9999,,,15 lb,in stock,Electronics > Networking > Hubs & Switches,901-1000
112379,C1000-16FP-2G-L - Cisco Catalyst 1000-16FP 16 Port Managed Rack Mountable Net Switch,C1000-16FP-2G-L - Cisco Catalyst 1000-16FP 16 Port Managed Rack Mountable Net Switch,https://refurbtechltd.co.uk/c1000-16fp-2g-l-cisco-catalyst-1000-16fp-16-port-managed-rack-mountable-net-switch/,1810 USD,905 USD,Cisco,,New,http://refurbtechltd.co.uk/product_images/v/943/C1000-16FP-2G-L__52722.jpg,C1000-16FP-2G-L,Network Switches,9999,,,15 lb,in stock,Electronics > Networking > Hubs & Switches,901-1000
95693,C9500-16X-E - Cisco Catalyst 9500 Ethernet Net Switch,C9500-16X-E - Cisco Catalyst 9500 Ethernet Net Switch,https://refurbtechltd.co.uk/c9500-16x-e-cisco-catalyst-9500-ethernet-net-switch/,18076 USD,9038 USD,Cisco,,New,http://refurbtechltd.co.uk/product_images/a/883/C9500-16X-E__52148.jpg,C9500-16X-E,Network Switches,9999,,,15 lb,in stock,Electronics > Networking > Hubs & Switches,greater than 1000
113584,CBS220-48P-4G-NA - Cisco Business CBS220-48P-4G Ethernet Switch 48 Ports Manageable 2 Layer Supported Modular 4 SFP Slots 53 W Power Consump,CBS220-48P-4G-NA - Cisco Business CBS220-48P-4G Ethernet Switch 48 Ports Manageable 2 Layer Supported Modular 4 SFP Slots 53 W Power Consump,https://refurbtechltd.co.uk/cbs220-48p-4g-na-cisco-business-cbs220-48p-4g-ethernet-switch-48-ports-manageable-2-layer-supported-modular-4-sfp-slots-53-w-power-consump/,1778 USD,889 USD,Cisco,,New,http://refurbtechltd.co.uk/product_images/d/613/CBS220-48P-4G-NA__92697.jpg,CBS220-48P-4G-NA,Network Switches,9999,,,1 lb,in stock,Electronics > Networking > Hubs & Switches,801-900
113605,CBS350-16FP-2G-NA - Cisco 350 CBS350-16FP-2G Ethernet Switch 18 Ports Manageable 2 Layer Supported Modular 2 SFP Slots 26.68 W Power Consump,CBS350-16FP-2G-NA - Cisco 350 CBS350-16FP-2G Ethernet Switch 18 Ports Manageable 2 Layer Supported Modular 2 SFP Slots 26.68 W Power Consump,https://refurbtechltd.co.uk/cbs350-16fp-2g-na-cisco-350-cbs350-16fp-2g-ethernet-switch-18-ports-manageable-2-layer-supported-modular-2-sfp-slots-26-68-w-power-consump/,1778 USD,889 USD,Cisco,,New,http://refurbtechltd.co.uk/product_images/b/010/CBS350-16FP-2G-NA__31446.jpg,CBS350-16FP-2G-NA,Network Switches,9999,,,1 lb,in stock,Electronics > Networking > Hubs & Switches,801-900
92351,IE-2000-4S-TS-G-B - Cisco Industrial Ethernet 2000 Series 4Ports SFP Ethernet Switch with 2x GE SFP Uplinks Ports,IE-2000-4S-TS-G-B - Cisco Industrial Ethernet 2000 Series 4Ports SFP Ethernet Switch with 2x GE SFP Uplinks Ports,https://refurbtechltd.co.uk/ie-2000-4s-ts-g-b-cisco-industrial-ethernet-2000-series-4ports-sfp-ethernet-switch-with-2x-ge-sfp-uplinks-ports/,1778 USD,889 USD,Cisco,,New,http://refurbtechltd.co.uk/product_images/y/763/IE-2000-4S-TS-G-B__61626.jpg,IE-2000-4S-TS-G-B,Network Switches,9999,,,1 lb,in stock,Electronics > Networking > Hubs & Switches,801-900
92352,IE-2000-4T-B - Cisco 6Ports RJ-45 10/100Base-TX USB Manageable Layer2 Desktop and Rail-Mountable Ethernet Switch with 2x SFP Expansion Slots,IE-2000-4T-B - Cisco 6Ports RJ-45 10/100Base-TX USB Manageable Layer2 Desktop and Rail-Mountable Ethernet Switch with 2x SFP Expansion Slots,https://refurbtechltd.co.uk/ie-2000-4t-b-cisco-6ports-rj-45-10-100base-tx-usb-manageable-layer2-desktop-and-rail-mountable-ethernet-switch-with-2x-sfp-expansion-slots/,1778 USD,889 USD,Cisco,,New,http://refurbtechltd.co.uk/product_images/d/691/IE-2000-4T-B__99860.jpg,IE-2000-4T-B,Network Switches,9999,,,1 lb,in stock,Electronics > Networking > Hubs & Switches,801-900
92353,IE-2000-4T-G-B - Cisco 6 Port 6 x 10/100/1000Base-T Manageable Layer2 Rail-Mountable Ethernet Net Switch,IE-2000-4T-G-B - Cisco 6 Port 6 x 10/100/1000Base-T Manageable Layer2 Rail-Mountable Ethernet Net Switch,https://refurbtechltd.co.uk/ie-2000-4t-g-b-cisco-6-port-6-x-10-100-1000base-t-manageable-layer2-rail-mountable-ethernet-net-switch/,1778 USD,889 USD,Cisco,,New,http://refurbtechltd.co.uk/product_images/r/882/IE-2000-4T-G-B__49045.jpg,IE-2000-4T-G-B,Network Switches,9999,,,1 lb,in stock,Electronics > Networking > Hubs & Switches,801-900
92354,IE-2000-4T-G-L - Cisco Ethernet Switch Manageable Twisted Pair 2 Layer Supported Desktop Rail-mountable,IE-2000-4T-G-L - Cisco Ethernet Switch Manageable Twisted Pair 2 Layer Supported Desktop Rail-mountable,https://refurbtechltd.co.uk/ie-2000-4t-g-l-cisco-ethernet-switch-manageable-twisted-pair-2-layer-supported-desktop-rail-mountable/,1778 USD,889 USD,Cisco,,New,http://refurbtechltd.co.uk/product_images/j/513/IE-2000-4T-G-L__17140.jpg,IE-2000-4T-G-L,Network Switches,9999,,,1 lb,in stock,Electronics > Networking > Hubs & Switches,801-900
113590,CBS250-24FP-4X-NA - Cisco 250 CBS250-24FP-4X Ethernet Switch 24 Ports Manageable 2 Layer Supported Modular 370 W PoE Budget Optical Fiber T,CBS250-24FP-4X-NA - Cisco 250 CBS250-24FP-4X Ethernet Switch 24 Ports Manageable 2 Layer Supported Modular 370 W PoE Budget Optical Fiber T,https://refurbtechltd.co.uk/cbs250-24fp-4x-na-cisco-250-cbs250-24fp-4x-ethernet-switch-24-ports-manageable-2-layer-supported-modular-370-w-poe-budget-optical-fiber-t/,1750 USD,875 USD,Cisco,,New,http://refurbtechltd.co.uk/product_images/d/293/CBS250-24FP-4X-NA__32218.jpg,CBS250-24FP-4X-NA,Network Switches,9999,,,1 lb,in stock,Electronics > Networking > Hubs & Switches,801-900
112388,C1000-24T-4X-L - Cisco Catalyst 1000-24T 24Ports Managed Rack Mountable Net Switch,C1000-24T-4X-L - Cisco Catalyst 1000-24T 24Ports Managed Rack Mountable Net Switch,https://refurbtechltd.co.uk/c1000-24t-4x-l-cisco-catalyst-1000-24t-24ports-managed-rack-mountable-net-switch/,1740 USD,870 USD,Cisco,,New,http://refurbtechltd.co.uk/product_images/n/674/C1000-24T-4X-L__16417.jpg,C1000-24T-4X-L,Network Switches,9999,,,15 lb,in stock,Electronics > Networking > Hubs & Switches,801-900
112396,"C1000-8FP-E-2G-L - Cisco Catalyst 1000-8FP 8 Port x 10/100/1000Base-T,1000Base-X Gigabit Ethernet Net Switch","C1000-8FP-E-2G-L - Cisco Catalyst 1000-8FP 8 Port x 10/100/1000Base-T,1000Base-X Gigabit Ethernet Net Switch",https://refurbtechltd.co.uk/c1000-8fp-e-2g-l-cisco-catalyst-1000-8fp-8-port-x-10-100-1000base-t-1000base-x-gigabit-ethernet-net-switch/,1724 USD,862 USD,Cisco,,New,http://refurbtechltd.co.uk/product_images/n/417/C1000-8FP-E-2G-L__94730.jpg,C1000-8FP-E-2G-L,Network Switches,9999,,,10 lb,in stock,Electronics > Networking > Hubs & Switches,801-900
92355,IE-2000-4TS-B - Cisco Industrial Ethernet 2000 Series 4Ports RJ-45 10/100/1000Base-T Manageable Layer2 Desktop Rail-Mountable Switch with 2x Shared SFP,IE-2000-4TS-B - Cisco Industrial Ethernet 2000 Series 4Ports RJ-45 10/100/1000Base-T Manageable Layer2 Desktop Rail-Mountable Switch with 2x Shared SFP,https://refurbtechltd.co.uk/ie-2000-4ts-b-cisco-industrial-ethernet-2000-series-4ports-rj-45-10-100-1000base-t-manageable-layer2-desktop-rail-mountable-switch-with-2x-shared-sfp/,1672 USD,836 USD,Cisco,,New,http://refurbtechltd.co.uk/product_images/j/191/IE-2000-4TS-B__12533.jpg,IE-2000-4TS-B,Network Switches,9999,,,1 lb,in stock,Electronics > Networking > Hubs & Switches,801-900
113581,CBS220-24P-4X-NA - Cisco Business 220 24-Ports 10/100/1000 + 10 Gigabit SFP+ PoE+ Layer 2 Managed Rack-Mountable Network Switch,CBS220-24P-4X-NA - Cisco Business 220 24-Ports 10/100/1000 + 10 Gigabit SFP+ PoE+ Layer 2 Managed Rack-Mountable Network Switch,https://refurbtechltd.co.uk/cbs220-24p-4x-na-cisco-business-220-24-ports-10-100-1000-10-gigabit-sfp-poe-layer-2-managed-rack-mountable-network-switch/,1652 USD,826 USD,Cisco,,New,http://refurbtechltd.co.uk/product_images/b/767/CBS220-24P-4X-NA__95176.jpg,CBS220-24P-4X-NA,Network Switches,9999,,,11 lb,in stock,Electronics > Networking > Hubs & Switches,801-900
112393,C1000-48T-4G-L - Cisco Catalyst 1000-48T 48Ports Managed Rack Mountable Net Switch,C1000-48T-4G-L - Cisco Catalyst 1000-48T 48Ports Managed Rack Mountable Net Switch,https://refurbtechltd.co.uk/c1000-48t-4g-l-cisco-catalyst-1000-48t-48ports-managed-rack-mountable-net-switch/,1628 USD,814 USD,Cisco,,New,http://refurbtechltd.co.uk/product_images/l/804/C1000-48T-4G-L__88155.jpg,C1000-48T-4G-L,Network Switches,9999,,,5 lb,in stock,Electronics > Networking > Hubs & Switches,801-900
113008,C9300L-48P-4X-A - Cisco Catalyst C9300l Managed L3 Switch 48 Poe+ Ethernet Ports & 4 10-gigabit Sfp+ Uplink Ports,C9300L-48P-4X-A - Cisco Catalyst C9300l Managed L3 Switch 48 Poe+ Ethernet Ports & 4 10-gigabit Sfp+ Uplink Ports,https://refurbtechltd.co.uk/c9300l-48p-4x-a-cisco-catalyst-c9300l-managed-l3-switch-48-poe-ethernet-ports-4-10-gigabit-sfp-uplink-ports/,15078 USD,7539 USD,Cisco,,New,http://refurbtechltd.co.uk/product_images/n/478/C9300L-48P-4X-A__24054.jpg,C9300L-48P-4X-A,Network Switches,9999,,,1 lb,in stock,Electronics > Networking > Hubs & Switches,greater than 1000
113134,C9500-32C-A - Cisco Catalyst 9500 Ethernet Net Switch,C9500-32C-A - Cisco Catalyst 9500 Ethernet Net Switch,https://refurbtechltd.co.uk/c9500-32c-a-cisco-catalyst-9500-ethernet-net-switch/,14078 USD,7039 USD,Cisco,,New,http://refurbtechltd.co.uk/product_images/e/750/C9500-32C-A__35604.jpg,C9500-32C-A,Network Switches,9999,,,15 lb,in stock,Electronics > Networking > Hubs & Switches,greater than 1000
113589,CBS250-24FP-4G-NA - Cisco 250 CBS250-24FP-4G Ethernet Switch 24 Ports Manageable 2 Layer Supported Modular 4 SFP Slots 370 W PoE Budget Op,CBS250-24FP-4G-NA - Cisco 250 CBS250-24FP-4G Ethernet Switch 24 Ports Manageable 2 Layer Supported Modular 4 SFP Slots 370 W PoE Budget Op,https://refurbtechltd.co.uk/cbs250-24fp-4g-na-cisco-250-cbs250-24fp-4g-ethernet-switch-24-ports-manageable-2-layer-supported-modular-4-sfp-slots-370-w-poe-budget-op/,1354 USD,677 USD,Cisco,,New,http://refurbtechltd.co.uk/product_images/o/002/CBS250-24FP-4G-NA__46211.jpg,CBS250-24FP-4G-NA,Network Switches,9999,,,1 lb,in stock,Electronics > Networking > Hubs & Switches,601-700
113592,CBS250-24P-4X-NA - Cisco 250 CBS250-24P-4X Ethernet Switch 24 Ports Manageable 2 Layer Supported Modular 195 W PoE Budget Optical Fiber Twisted Pair - PoE Ports,CBS250-24P-4X-NA - Cisco 250 CBS250-24P-4X Ethernet Switch 24 Ports Manageable 2 Layer Supported Modular 195 W PoE Budget Optical Fiber Twisted Pair - PoE Ports,https://refurbtechltd.co.uk/cbs250-24p-4x-na-cisco-250-cbs250-24p-4x-ethernet-switch-24-ports-manageable-2-layer-supported-modular-195-w-poe-budget-optical-fiber-twisted-pair-poe-ports/,1354 USD,677 USD,Cisco,,New,http://refurbtechltd.co.uk/product_images/b/323/CBS250-24P-4X-NA__50015.jpg,CBS250-24P-4X-NA,Network Switches,9999,,,1 lb,in stock,Electronics > Networking > Hubs & Switches,601-700
113608,CBS350-16P-E-2G-NA - Cisco 350 CBS350-16P-E-2G Ethernet Switch 18 Ports Manageable 2 Layer Supported Modular 2 SFP Slots 23.68 W Power Consu,CBS350-16P-E-2G-NA - Cisco 350 CBS350-16P-E-2G Ethernet Switch 18 Ports Manageable 2 Layer Supported Modular 2 SFP Slots 23.68 W Power Consu,https://refurbtechltd.co.uk/cbs350-16p-e-2g-na-cisco-350-cbs350-16p-e-2g-ethernet-switch-18-ports-manageable-2-layer-supported-modular-2-sfp-slots-23-68-w-power-consu/,1354 USD,677 USD,Cisco,,New,http://refurbtechltd.co.uk/product_images/o/890/CBS350-16P-E-2G-NA__76090.jpg,CBS350-16P-E-2G-NA,Network Switches,9999,,,1 lb,in stock,Electronics > Networking > Hubs & Switches,601-700
92363,IE-4000-16GT4G-E - Cisco 4000 20Ports 10/100/1000Base-T RJ-45 4x Gigabit Ethernet Uplink Ports Manageable Layer3 Switch,IE-4000-16GT4G-E - Cisco 4000 20Ports 10/100/1000Base-T RJ-45 4x Gigabit Ethernet Uplink Ports Manageable Layer3 Switch,https://refurbtechltd.co.uk/ie-4000-16gt4g-e-cisco-4000-20ports-10-100-1000base-t-rj-45-4x-gigabit-ethernet-uplink-ports-manageable-layer3-switch/,13078 USD,6539 USD,Cisco,,New,http://refurbtechltd.co.uk/product_images/d/580/IE-4000-16GT4G-E__54477.jpg,IE-4000-16GT4G-E,Network Switches,9999,,,1 lb,in stock,Electronics > Networking > Hubs & Switches,greater than 1000
113619,CBS350-48T-4G - Cisco Business 350 48-Ports 10/100/1000 + 4 x SFP Layer 3 Managed Rack-Mountable Network Switch,CBS350-48T-4G - Cisco Business 350 48-Ports 10/100/1000 + 4 x SFP Layer 3 Managed Rack-Mountable Network Switch,https://refurbtechltd.co.uk/cbs350-48t-4g-cisco-business-350-48-ports-10-100-1000-4-x-sfp-layer-3-managed-rack-mountable-network-switch/,1262 USD,631 USD,Cisco,,New,http://refurbtechltd.co.uk/product_images/o/339/CBS350-48T-4G__06436.jpg,CBS350-48T-4G,Network Switches,9999,,,13 lb,in stock,Electronics > Networking > Hubs & Switches,601-700
113607,CBS350-16P-2G-NA - Cisco 350 CBS350-16P-2G Ethernet Switch 18 Ports Manageable 2 Layer Supported Modular 2 SFP Slots 25.01 W Power Consumpti,CBS350-16P-2G-NA - Cisco 350 CBS350-16P-2G Ethernet Switch 18 Ports Manageable 2 Layer Supported Modular 2 SFP Slots 25.01 W Power Consumpti,https://refurbtechltd.co.uk/cbs350-16p-2g-na-cisco-350-cbs350-16p-2g-ethernet-switch-18-ports-manageable-2-layer-supported-modular-2-sfp-slots-25-01-w-power-consumpti/,1248 USD,624 USD,Cisco,,New,http://refurbtechltd.co.uk/product_images/q/718/CBS350-16P-2G-NA__87506.jpg,CBS350-16P-2G-NA,Network Switches,9999,,,1 lb,in stock,Electronics > Networking > Hubs & Switches,601-700
117848,IE-1000-4T1T-LM - Cisco 5Ports 10/100 Manageable Layer2 Rail-Mountable 1x Fast Ethernet Uplink Port Twisted Pair Industrial Ethernet Switche,IE-1000-4T1T-LM - Cisco 5Ports 10/100 Manageable Layer2 Rail-Mountable 1x Fast Ethernet Uplink Port Twisted Pair Industrial Ethernet Switche,https://refurbtechltd.co.uk/ie-1000-4t1t-lm-cisco-5ports-10-100-manageable-layer2-rail-mountable-1x-fast-ethernet-uplink-port-twisted-pair-industrial-ethernet-switche/,1120 USD,560 USD,Cisco,,New,http://refurbtechltd.co.uk/product_images/b/444/IE-1000-4T1T-LM__16019.jpg,IE-1000-4T1T-LM,Network Switches,9999,,,2 lb,in stock,Electronics > Networking > Hubs & Switches,501-600
112380,C1000-16P-2G-L - Cisco Catalyst 1000 16 Port x 10/100/1000Mb/s + 1000Mb/s Uplinks Ethernet Net Switch,C1000-16P-2G-L - Cisco Catalyst 1000 16 Port x 10/100/1000Mb/s + 1000Mb/s Uplinks Ethernet Net Switch,https://refurbtechltd.co.uk/c1000-16p-2g-l-cisco-catalyst-1000-16-port-x-10-100-1000mb-s-1000mb-s-uplinks-ethernet-net-switch/,1110 USD,555 USD,Cisco,,New,http://refurbtechltd.co.uk/product_images/t/518/C1000-16P-2G-L__80185.jpg,C1000-16P-2G-L,Network Switches,9999,,,3 lb,in stock,Electronics > Networking > Hubs & Switches,501-600
113014,C9300L-48T-4X-A - Cisco Catalyst 9300L-48T-4X-A Switch 48 Ports Manageable 3 Layer Supported Modular Twisted Pair Optical,C9300L-48T-4X-A - Cisco Catalyst 9300L-48T-4X-A Switch 48 Ports Manageable 3 Layer Supported Modular Twisted Pair Optical,https://refurbtechltd.co.uk/c9300l-48t-4x-a-cisco-catalyst-9300l-48t-4x-a-switch-48-ports-manageable-3-layer-supported-modular-twisted-pair-optical/,11078 USD,5539 USD,Cisco,,New,http://refurbtechltd.co.uk/product_images/v/657/C9300L-48T-4X-A__57807.jpg,C9300L-48T-4X-A,Network Switches,9999,,,1 lb,in stock,Electronics > Networking > Hubs & Switches,greater than 1000
117859,IE-3400-8T2S-A - Cisco Catalyst Ie3400 Switch With 8 Ge Copper And 2 Ge SFP Modular Na,IE-3400-8T2S-A - Cisco Catalyst Ie3400 Switch With 8 Ge Copper And 2 Ge SFP Modular Na,https://refurbtechltd.co.uk/ie-3400-8t2s-a-cisco-catalyst-ie3400-switch-with-8-ge-copper-and-2-ge-sfp-modular-na/,11078 USD,5539 USD,Cisco,,New,http://refurbtechltd.co.uk/product_images/a/059/IE-3400-8T2S-A__85092.jpg,IE-3400-8T2S-A,Network Switches,9999,,,1 lb,in stock,Electronics > Networking > Hubs & Switches,greater than 1000
124213,MS355-24X2-HW - Cisco Network Switch,MS355-24X2-HW - Cisco Network Switch,https://refurbtechltd.co.uk/ms355-24x2-hw-cisco-network-switch/,11078 USD,5539 USD,Cisco,,New,http://refurbtechltd.co.uk/product_images/j/918/MS355-24X2-HW__45502.jpg,MS355-24X2-HW,Network Switches,9999,,,9 lb,in stock,Electronics > Networking > Hubs & Switches,greater than 1000
112382,C1000-16T-2G-L - Cisco Catalyst 1000 16 Port 2x 1G SFP Uplinks Net Switch,C1000-16T-2G-L - Cisco Catalyst 1000 16 Port 2x 1G SFP Uplinks Net Switch,https://refurbtechltd.co.uk/c1000-16t-2g-l-cisco-catalyst-1000-16-port-2x-1g-sfp-uplinks-net-switch/,1078 USD,539 USD,Cisco,,New,http://refurbtechltd.co.uk/product_images/c/362/C1000-16T-2G-L__02959.jpg,C1000-16T-2G-L,Network Switches,9999,,,15 lb,in stock,Electronics > Networking > Hubs & Switches,501-600
113613,CBS350-24T-4G-NA - Cisco 350 CBS350-24T-4G Ethernet Switch 28 Ports Manageable 2 Layer Supported Modular 4 SFP Slots 25.63 W Power Consumpti,CBS350-24T-4G-NA - Cisco 350 CBS350-24T-4G Ethernet Switch 28 Ports Manageable 2 Layer Supported Modular 4 SFP Slots 25.63 W Power Consumpti,https://refurbtechltd.co.uk/cbs350-24t-4g-na-cisco-350-cbs350-24t-4g-ethernet-switch-28-ports-manageable-2-layer-supported-modular-4-sfp-slots-25-63-w-power-consumpti/,1078 USD,539 USD,Cisco,,New,http://refurbtechltd.co.uk/product_images/t/448/CBS350-24T-4G-NA__30368.jpg,CBS350-24T-4G-NA,Network Switches,9999,,,1 lb,in stock,Electronics > Networking > Hubs & Switches,501-600
112967,C9200L-48P-4G-A - Cisco Catalyst 9200 Net Switch,C9200L-48P-4G-A - Cisco Catalyst 9200 Net Switch,https://refurbtechltd.co.uk/c9200l-48p-4g-a-cisco-catalyst-9200-net-switch/,10478 USD,5239 USD,Cisco,,New,http://refurbtechltd.co.uk/product_images/f/360/C9200L-48P-4G-A__83239.jpg,C9200L-48P-4G-A,Network Switches,9999,,,15 lb,in stock,Electronics > Networking > Hubs & Switches,greater than 1000
113612,CBS350-24T-4G - Cisco Business 350 24-Ports 10/100/1000 + 4 x SFP Layer 2 Managed Rack-Mountable Network Switch,CBS350-24T-4G - Cisco Business 350 24-Ports 10/100/1000 + 4 x SFP Layer 2 Managed Rack-Mountable Network Switch,https://refurbtechltd.co.uk/cbs350-24t-4g-cisco-business-350-24-ports-10-100-1000-4-x-sfp-layer-2-managed-rack-mountable-network-switch/,1038 USD,519 USD,Cisco,,New,http://refurbtechltd.co.uk/product_images/q/004/CBS350-24T-4G__11952.jpg,CBS350-24T-4G,Network Switches,9999,,,10 lb,in stock,Electronics > Networking > Hubs & Switches,501-600
112395,C1000-8FP-2G-L - Cisco Catalyst 1000 8 Port x 1000Base-T RJ-45 PoE+ Managed Rack Mountable Net Switch,C1000-8FP-2G-L - Cisco Catalyst 1000 8 Port x 1000Base-T RJ-45 PoE+ Managed Rack Mountable Net Switch,https://refurbtechltd.co.uk/c1000-8fp-2g-l-cisco-catalyst-1000-8-port-x-1000base-t-rj-45-poe-managed-rack-mountable-net-switch/,1036 USD,518 USD,Cisco,,New,http://refurbtechltd.co.uk/product_images/j/270/C1000-8FP-2G-L__89551.jpg,C1000-8FP-2G-L,Network Switches,9999,,,5 lb,in stock,Electronics > Networking > Hubs & Switches,501-600
113606,CBS350-16P-2G - Cisco Business 350 16-Ports 16 x 10/100/1000 + 2 x Gigabit SFP PoE+ Layer 3 Managed Rack-Mountable Network Switch,CBS350-16P-2G - Cisco Business 350 16-Ports 16 x 10/100/1000 + 2 x Gigabit SFP PoE+ Layer 3 Managed Rack-Mountable Network Switch,https://refurbtechltd.co.uk/cbs350-16p-2g-cisco-business-350-16-ports-16-x-10-100-1000-2-x-gigabit-sfp-poe-layer-3-managed-rack-mountable-network-switch/,1020 USD,510 USD,Cisco,,New,http://refurbtechltd.co.uk/product_images/x/265/CBS350-16P-2G__85445.jpg,CBS350-16P-2G,Network Switches,9999,,,10 lb,in stock,Electronics > Networking > Hubs & Switches,501-600
92364,IE-4000-4GS8GP4G-E - Cisco 16 Port 10/100/1000 Managed Gigabit Ethernet Net Switch,IE-4000-4GS8GP4G-E - Cisco 16 Port 10/100/1000 Managed Gigabit Ethernet Net Switch,https://refurbtechltd.co.uk/ie-4000-4gs8gp4g-e-cisco-16-port-10-100-1000-managed-gigabit-ethernet-net-switch/,10078 USD,5039 USD,Cisco,,New,http://refurbtechltd.co.uk/product_images/o/217/IE-4000-4GS8GP4G-E__74060.jpg,IE-4000-4GS8GP4G-E,Network Switches,9999,,,15 lb,in stock,Electronics > Networking > Hubs & Switches,greater than 1000
92371,IE-5000-16S12P - Cisco IE-5000 12 Port 12 x 10/100/1000Base-T PoE+ + 4 x Gigabit Ethernet 1U Rack Mountable Layer3 Switch,IE-5000-16S12P - Cisco IE-5000 12 Port 12 x 10/100/1000Base-T PoE+ + 4 x Gigabit Ethernet 1U Rack Mountable Layer3 Switch,https://refurbtechltd.co.uk/ie-5000-16s12p-cisco-ie-5000-12-port-12-x-10-100-1000base-t-poe-4-x-gigabit-ethernet-1u-rack-mountable-layer3-switch/,10078 USD,5039 USD,Cisco,,New,http://refurbtechltd.co.uk/product_images/t/474/IE-5000-16S12P__48608.jpg,IE-5000-16S12P,Network Switches,9999,,,5 lb,in stock,Electronics > Networking > Hubs & Switches,greater than 1000
113594,CBS250-24PP-4G-NA - Cisco 250 CBS250-24PP-4G Ethernet Switch 24 Ports Manageable 2 Layer Supported Modular 4 SFP Slots 100 W PoE Budget Op,CBS250-24PP-4G-NA - Cisco 250 CBS250-24PP-4G Ethernet Switch 24 Ports Manageable 2 Layer Supported Modular 4 SFP Slots 100 W PoE Budget Op,https://refurbtechltd.co.uk/cbs250-24pp-4g-na-cisco-250-cbs250-24pp-4g-ethernet-switch-24-ports-manageable-2-layer-supported-modular-4-sfp-slots-100-w-poe-budget-op/,1002 USD,501 USD,Cisco,,New,http://refurbtechltd.co.uk/product_images/y/962/CBS250-24PP-4G-NA__43329.jpg,CBS250-24PP-4G-NA,Network Switches,9999,,,1 lb,in stock,Electronics > Networking > Hubs & Switches,401-500
103967,CBS350-24P-4G - Cisco 24-Ports 1GbE RJ-45 and 4-Ports 1GbE SFP Managed Rack Mountable Network Switch,CBS350-24P-4G - Cisco 24-Ports 1GbE RJ-45 and 4-Ports 1GbE SFP Managed Rack Mountable Network Switch,https://refurbtechltd.co.uk/cbs350-24p-4g-cisco-24-ports-1gbe-rj-45-and-4-ports-1gbe-sfp-managed-rack-mountable-network-switch/,982 USD,491 USD,Cisco,,New,http://refurbtechltd.co.uk/product_images/x/087/CBS350-24P-4G__59052.jpg,CBS350-24P-4G,Network Switches,9999,,,11 lb,in stock,Electronics > Networking > Hubs & Switches,401-500
112381,C1000-16P-E-2G-L - Cisco Catalyst 1000-16P 16 Port Managed Rack Mountable Net Switch,C1000-16P-E-2G-L - Cisco Catalyst 1000-16P 16 Port Managed Rack Mountable Net Switch,https://refurbtechltd.co.uk/c1000-16p-e-2g-l-cisco-catalyst-1000-16p-16-port-managed-rack-mountable-net-switch/,964 USD,482 USD,Cisco,,New,http://refurbtechltd.co.uk/product_images/s/962/C1000-16P-E-2G-L__78019.jpg,C1000-16P-E-2G-L,Network Switches,9999,,,15 lb,in stock,Electronics > Networking > Hubs & Switches,401-500
